{
    "firmware": "0x107E6A10.bit",
    "vbb_array": [
        1.2
    ],
    "daq_channel": 1,
    "vbb_channel": 4,
    "ntrg_vres": 50,
    "ntrg": 150000,
    "trg_type": 1,
    "trg_thr": 108,
    "prefix": "apts_",
    "hameg_path": "/dev/serial/by-id/usb-HAMEG_HAMEG_HO720_100030280926-if00-port0",
    "proximity": "APTS-017",
    "chip_ID": "AF15P_W22B32",
    "serial": null,
    "pulse": null,
    "mux": -1,
    "trg_pixels": null,
    "n_frames_before": 100,
    "n_frames_after": 100,
    "sampling_period": 40,
    "vh": 1200,
    "ireset": 1,
    "expert_wait": 9,
    "output_dir": "/home/hipex/Source/apts-dpts-ce65-daq-software/Data/1.2/source",
    "suffix": "",
    "vreset": 500,
    "ibiasn": 20,
    "ibiasp": 2,
    "ibias4": 150,
    "ibias3": 200,
    "pwell": [
        1.2
    ],
    "sub": [
        1.2
    ],
    "pitch": "15",
    "version": "P",
    "wafer": "22",
    "chip": "32",
    "split": "4 (opt.)",
    "vbb": 1.2,
    "fname": "apts_20230130_172940",
    "group_name": "Pusan",
    "seed_1640": 77.57864118735647,
    "seed_1640_err": 0.045210654880956824,
    "seed1cl_1640": 77.59115204394212,
    "matrix_1640": 77.57120549182284,
    "matrix_1640_err": 0.07268297220867147,
    "noise": 1.3307894341496693,
    "RMS": 1.170571362757225,
    "p2p": 5.55952206029821,
    "sgm_seed_1640": 2.4617521694340616,
    "sgm_seed_err": 0.049336865018505684,
    "sgm_seed1cl_1640": 2.450484848510704,
    "sgm_matrix_1640": 7.503899931215708,
    "sgm_matrix_1640_err": 0.07844899855670816,
    "sgm_1cl_DIV_sgm_matr": 0.32656150414757734,
    "sgm_noise": 0.04944981810371448,
    "dN": 0.6524530101495609,
    "seed_1800": 86.06364036500713,
    "seed1cl_1800": 86.05789819418878,
    "CCE": 99.99041528000514,
    "C": 3.3869756115659237e-15,
    "Mean_cluster_size": 1.3679838993067757,
    "Threshold": 10,
    "Unit": "mV"
}